{
  "hash": "b0d37c70",
  "configHash": "f58c772e",
  "lockfileHash": "2e03c4ff",
  "browserHash": "8a7475cf",
  "optimized": {
    "@angular/common": {
      "src": "../../../../../../node_modules/@angular/common/fesm2022/common.mjs",
      "file": "@angular_common.js",
      "fileHash": "92304034",
      "needsInterop": false
    },
    "@angular/core": {
      "src": "../../../../../../node_modules/@angular/core/fesm2022/core.mjs",
      "file": "@angular_core.js",
      "fileHash": "7389eb99",
      "needsInterop": false
    },
    "@angular/forms": {
      "src": "../../../../../../node_modules/@angular/forms/fesm2022/forms.mjs",
      "file": "@angular_forms.js",
      "fileHash": "4e7d1571",
      "needsInterop": false
    },
    "@angular/platform-browser": {
      "src": "../../../../../../node_modules/@angular/platform-browser/fesm2022/platform-browser.mjs",
      "file": "@angular_platform-browser.js",
      "fileHash": "0eb5981f",
      "needsInterop": false
    },
    "@angular/router": {
      "src": "../../../../../../node_modules/@angular/router/fesm2022/router.mjs",
      "file": "@angular_router.js",
      "fileHash": "46aa2d02",
      "needsInterop": false
    },
    "@ionic/angular": {
      "src": "../../../../../../node_modules/@ionic/angular/fesm2022/ionic-angular.mjs",
      "file": "@ionic_angular.js",
      "fileHash": "4c6eb06b",
      "needsInterop": false
    },
    "@ionic/angular/standalone": {
      "src": "../../../../../../node_modules/@ionic/angular/fesm2022/ionic-angular-standalone.mjs",
      "file": "@ionic_angular_standalone.js",
      "fileHash": "b6fded7a",
      "needsInterop": false
    }
  },
  "chunks": {
    "swipe-back-CJJBFXX2": {
      "file": "swipe-back-CJJBFXX2.js"
    },
    "keyboard2-U2YRHNPE": {
      "file": "keyboard2-U2YRHNPE.js"
    },
    "index9-V7V2X3AV": {
      "file": "index9-V7V2X3AV.js"
    },
    "status-tap-LLRF4EZB": {
      "file": "status-tap-LLRF4EZB.js"
    },
    "input-shims-RNO5D4QV": {
      "file": "input-shims-RNO5D4QV.js"
    },
    "focus-visible-RAFDA6YZ": {
      "file": "focus-visible-RAFDA6YZ.js"
    },
    "ios.transition-ZP74WNVO": {
      "file": "ios__transition-ZP74WNVO.js"
    },
    "md.transition-R7G663RN": {
      "file": "md__transition-R7G663RN.js"
    },
    "index3-2IRC5F4P": {
      "file": "index3-2IRC5F4P.js"
    },
    "hardware-back-button-IKEIKBGZ": {
      "file": "hardware-back-button-IKEIKBGZ.js"
    },
    "ios.transition-4047cb68-BDAGD5ID": {
      "file": "ios__transition-4047cb68-BDAGD5ID.js"
    },
    "md.transition-30ce8d1b-XR3OLO3K": {
      "file": "md__transition-30ce8d1b-XR3OLO3K.js"
    },
    "dom-3FHNNQ6P": {
      "file": "dom-3FHNNQ6P.js"
    },
    "core-js-UR6QH4NU": {
      "file": "core-js-UR6QH4NU.js"
    },
    "chunk-5APOKNA7": {
      "file": "chunk-5APOKNA7.js"
    },
    "chunk-JF6OVEOS": {
      "file": "chunk-JF6OVEOS.js"
    },
    "chunk-CHKVIRUB": {
      "file": "chunk-CHKVIRUB.js"
    },
    "chunk-EUT5B6DW": {
      "file": "chunk-EUT5B6DW.js"
    },
    "chunk-KZTCFCZR": {
      "file": "chunk-KZTCFCZR.js"
    },
    "chunk-ZXOPHZFH": {
      "file": "chunk-ZXOPHZFH.js"
    },
    "chunk-T3IT6Q7Y": {
      "file": "chunk-T3IT6Q7Y.js"
    },
    "chunk-7Q5HCUSL": {
      "file": "chunk-7Q5HCUSL.js"
    },
    "chunk-SMNU354O": {
      "file": "chunk-SMNU354O.js"
    },
    "chunk-GJ4SWXUR": {
      "file": "chunk-GJ4SWXUR.js"
    },
    "chunk-2AZ63G5W": {
      "file": "chunk-2AZ63G5W.js"
    },
    "chunk-I6Q7YG6M": {
      "file": "chunk-I6Q7YG6M.js"
    },
    "chunk-MGPHXSG2": {
      "file": "chunk-MGPHXSG2.js"
    },
    "chunk-L6BHBXTE": {
      "file": "chunk-L6BHBXTE.js"
    },
    "chunk-6HCD6MJG": {
      "file": "chunk-6HCD6MJG.js"
    },
    "chunk-USATX7BD": {
      "file": "chunk-USATX7BD.js"
    },
    "chunk-CJ5MJUPJ": {
      "file": "chunk-CJ5MJUPJ.js"
    },
    "chunk-ZWBDDU4U": {
      "file": "chunk-ZWBDDU4U.js"
    },
    "chunk-XBAJTV7V": {
      "file": "chunk-XBAJTV7V.js"
    },
    "chunk-XRJRD5AM": {
      "file": "chunk-XRJRD5AM.js"
    },
    "chunk-ZX3E4KDE": {
      "file": "chunk-ZX3E4KDE.js"
    },
    "chunk-OH6326YT": {
      "file": "chunk-OH6326YT.js"
    },
    "chunk-THE3QAPT": {
      "file": "chunk-THE3QAPT.js"
    },
    "chunk-7IZRYL2Z": {
      "file": "chunk-7IZRYL2Z.js"
    },
    "shadow-css-KQBFNRGS": {
      "file": "shadow-css-KQBFNRGS.js"
    },
    "chunk-ZVATTXSA": {
      "file": "chunk-ZVATTXSA.js"
    }
  }
}